{
  "Employee": [
    {
      "id": "101",
      "name": "홍길동",
      "gender":"남",
      "salary": 450000,
      "image": "https://search.pstatic.net/common?type=a&size=120x150&quality=95&direct=true&src=http%3A%2F%2Fsstatic.naver.net%2Fpeople%2F148%2F201601141124027901.jpg"
    },
    {
      "id": "102",
      "name": "이대한",
      "gender":"남",
      "salary": 560000,
      "image": "https://search.pstatic.net/common?type=a&size=120x150&quality=95&direct=true&src=http%3A%2F%2Fsstatic.naver.net%2Fpeople%2Fportrait%2F201705%2F20170510003420102-7278827.jpg"
    },
    {
      "id": "103",
      "name": "나소미",
      "gender":"여",
      "salary": 350000,
      "image":"https://search.pstatic.net/common?type=a&size=120x150&quality=95&direct=true&src=http%3A%2F%2Fsstatic.naver.net%2Fpeople%2Fportrait%2F202007%2F20200722102146456.jpg"
    }, 
    {
      "id": "104",
      "name": "정대준",
       "gender":"남",
      "salary": 250000,
      "image": "https://search.pstatic.net/common?type=a&size=120x150&quality=95&direct=true&src=http%3A%2F%2Fsstatic.naver.net%2Fpeople%2Fportrait%2F202002%2F20200218142933542.png"
    }, 
    {
      "id": "105",
      "name": "고주봉",
       "gender":"남",
      "salary": 550000,
      "image": " "
    }, 
    {
      "id": "106",
      "name": "이수연",
       "gender":"여",
      "salary": 350000,
      "image": "https://search.pstatic.net/common?type=b&size=216&expire=1&refresh=true&quality=100&direct=true&src=http%3A%2F%2Fsstatic.naver.net%2Fpeople%2F3%2F202203161102058891.jpg"
    } 
  ]
}