{
  "properties": {
    "connectionReferences": {
      "shared_testconnector-20-2d-201-5f40525b46ba036f15-5f05e4ead1ee8dd21f_2": {
        "runtimeSource": "invoker",
        "connection": {
          "connectionReferenceLogicalName": "new_sharedtestconnector202d2015f40525b46ba036f155f05e4ead1ee8dd21f_39196"
        },
        "api": {
          "name": "shared_testconnector-20-2d-201-5f40525b46ba036f15-5f05e4ead1ee8dd21f"
        }
      }
    },
    "definition": {
      "$schema": "https://schema.management.azure.com/providers/Microsoft.Logic/schemas/2016-06-01/workflowdefinition.json#",
      "contentVersion": "1.0.0.0",
      "parameters": {
        "$connections": {
          "defaultValue": {},
          "type": "Object"
        },
        "$authentication": {
          "defaultValue": {},
          "type": "SecureObject"
        }
      },
      "triggers": {
        "manual": {
          "metadata": {
            "operationMetadataId": "e096d785-16ea-45b4-9383-e77f2dc4f45d"
          },
          "type": "Request",
          "kind": "Button",
          "inputs": {
            "schema": {
              "type": "object",
              "properties": {},
              "required": []
            }
          }
        }
      },
      "actions": {
        "List_Invoices": {
          "runAfter": {},
          "metadata": {
            "operationMetadataId": "98311832-992f-4402-89f4-57e39f9bf4fa"
          },
          "type": "OpenApiConnection",
          "inputs": {
            "host": {
              "connectionName": "shared_testconnector-20-2d-201-5f40525b46ba036f15-5f05e4ead1ee8dd21f_2",
              "operationId": "ListInvoices",
              "apiId": "/providers/Microsoft.PowerApps/apis/shared_testconnector-20-2d-201-5f40525b46ba036f15-5f05e4ead1ee8dd21f"
            },
            "parameters": {},
            "authentication": {
              "type": "Raw",
              "value": "@json(decodeBase64(triggerOutputs().headers['X-MS-APIM-Tokens']))['$ConnectionKey']"
            }
          }
        }
      }
    },
    "templateName": ""
  },
  "schemaVersion": "1.0.0.0"
}