{
  "properties": {
    "connectionReferences": {
      "shared_approvals": {
        "runtimeSource": "embedded",
        "connection": {
          "connectionReferenceLogicalName": "new_sharedapprovals_6e052"
        },
        "api": {
          "name": "shared_approvals"
        }
      },
      "shared_sharepointonline": {
        "runtimeSource": "embedded",
        "connection": {
          "connectionReferenceLogicalName": "new_sharedsharepointonline_25742"
        },
        "api": {
          "name": "shared_sharepointonline"
        }
      }
    },
    "definition": {
      "$schema": "https://schema.management.azure.com/providers/Microsoft.Logic/schemas/2016-06-01/workflowdefinition.json#",
      "contentVersion": "1.0.0.0",
      "parameters": {
        "$connections": {
          "defaultValue": {},
          "type": "Object"
        },
        "$authentication": {
          "defaultValue": {},
          "type": "SecureObject"
        }
      },
      "triggers": {
        "When_an_item_is_created": {
          "recurrence": {
            "interval": 3,
            "frequency": "Minute"
          },
          "splitOn": "@triggerOutputs()?['body/value']",
          "metadata": {
            "operationMetadataId": "9b3cb9c0-c1e5-42f6-bada-9f50df38db96"
          },
          "type": "OpenApiConnection",
          "inputs": {
            "host": {
              "connectionName": "shared_sharepointonline",
              "operationId": "GetOnNewItems",
              "apiId": "/providers/Microsoft.PowerApps/apis/shared_sharepointonline"
            },
            "parameters": {
              "dataset": "https://cxgbiz.sharepoint.com/sites/LearnPP",
              "table": "00555492-6a77-49de-875a-9467f47f1922"
            },
            "authentication": "@parameters('$authentication')"
          }
        }
      },
      "actions": {
        "Start_and_wait_for_an_approval": {
          "runAfter": {},
          "metadata": {
            "operationMetadataId": "073cd6a6-bba9-4ac5-943b-b7f896224293"
          },
          "type": "OpenApiConnectionWebhook",
          "inputs": {
            "host": {
              "connectionName": "shared_approvals",
              "operationId": "StartAndWaitForAnApproval",
              "apiId": "/providers/Microsoft.PowerApps/apis/shared_approvals"
            },
            "parameters": {
              "approvalType": "Basic",
              "WebhookApprovalCreationInput/title": "please approval",
              "WebhookApprovalCreationInput/assignedTo": "TestUser6@cxgbiz.onmicrosoft.com",
              "WebhookApprovalCreationInput/details": "#안녕하세요. 정시철입니다.\n다음을 안내하겠습니다.\n*기간 : @{triggerOutputs()?['body/TravelDuration']}\n*호텔 비용 : @{triggerOutputs()?['body/EstimatedHotelCost']}\n*여행 이유 : @{triggerOutputs()?['body/ReasonForTravel']}",
              "WebhookApprovalCreationInput/enableNotifications": true,
              "WebhookApprovalCreationInput/enableReassignment": true
            },
            "authentication": "@parameters('$authentication')"
          }
        },
        "Condition": {
          "actions": {
            "Compose": {
              "runAfter": {},
              "metadata": {
                "operationMetadataId": "b7594866-244e-463b-89e3-f1eaef3449ff"
              },
              "type": "Compose",
              "inputs": "@outputs('Start_and_wait_for_an_approval')?['body/outcome']"
            },
            "Update_item": {
              "runAfter": {
                "Compose": [
                  "Succeeded"
                ]
              },
              "metadata": {
                "operationMetadataId": "94102355-2a3f-40b4-a203-cfee372b9e1d"
              },
              "type": "OpenApiConnection",
              "inputs": {
                "host": {
                  "connectionName": "shared_sharepointonline",
                  "operationId": "PatchItem",
                  "apiId": "/providers/Microsoft.PowerApps/apis/shared_sharepointonline"
                },
                "parameters": {
                  "dataset": "https://cxgbiz.sharepoint.com/sites/LearnPP",
                  "table": "00555492-6a77-49de-875a-9467f47f1922",
                  "id": "@triggerOutputs()?['body/ID']",
                  "item/Approved": true
                },
                "authentication": "@parameters('$authentication')"
              }
            }
          },
          "runAfter": {
            "Start_and_wait_for_an_approval": [
              "Succeeded"
            ]
          },
          "else": {
            "actions": {
              "Compose_2": {
                "runAfter": {},
                "metadata": {
                  "operationMetadataId": "76661422-33f1-4d71-bbc3-9a2a07eb200f"
                },
                "type": "Compose",
                "inputs": "@outputs('Start_and_wait_for_an_approval')?['body/outcome']"
              },
              "Update_item_2": {
                "runAfter": {
                  "Compose_2": [
                    "Succeeded"
                  ]
                },
                "metadata": {
                  "operationMetadataId": "ed118a98-2617-43a8-ad95-62638d64327b"
                },
                "type": "OpenApiConnection",
                "inputs": {
                  "host": {
                    "connectionName": "shared_sharepointonline",
                    "operationId": "PatchItem",
                    "apiId": "/providers/Microsoft.PowerApps/apis/shared_sharepointonline"
                  },
                  "parameters": {
                    "dataset": "https://cxgbiz.sharepoint.com/sites/LearnPP",
                    "table": "00555492-6a77-49de-875a-9467f47f1922",
                    "id": "@triggerOutputs()?['body/ID']",
                    "item/Approved": false
                  },
                  "authentication": "@parameters('$authentication')"
                }
              }
            }
          },
          "expression": {
            "equals": [
              "@outputs('Start_and_wait_for_an_approval')?['body/outcome']",
              "Approve"
            ]
          },
          "metadata": {
            "operationMetadataId": "bcc9c482-8794-452e-8d6c-94bb31f70e62"
          },
          "type": "If"
        }
      }
    },
    "templateName": ""
  },
  "schemaVersion": "1.0.0.0"
}