<ImportExportXml xmlns:xsi="http://www.w3.org/2001/XMLSchema-instance">
  <Entities>
    <Entity>
      <Name LocalizedName="Woochang_newsTable" OriginalName="Woochang_newsTable">crbe9_Woochang_newsTable</Name>
      <EntityInfo>
        <entity Name="crbe9_Woochang_newsTable">
          <LocalizedNames>
            <LocalizedName description="Woochang_newsTable" languagecode="1033" />
            <LocalizedName description="Woochang_newsTable" languagecode="1042" />
          </LocalizedNames>
          <LocalizedCollectionNames>
            <LocalizedCollectionName description="Woochang_newsTable" languagecode="1033" />
            <LocalizedCollectionName description="Woochang_newsTable" languagecode="1042" />
          </LocalizedCollectionNames>
          <Descriptions>
            <Description description="" languagecode="1033" />
            <Description description="" languagecode="1042" />
          </Descriptions>
          <attributes />
          <EntitySetName>crbe9_woochang_newstables</EntitySetName>
          <IsDuplicateCheckSupported>1</IsDuplicateCheckSupported>
          <IsBusinessProcessEnabled>0</IsBusinessProcessEnabled>
          <IsRequiredOffline>0</IsRequiredOffline>
          <IsInteractionCentricEnabled>0</IsInteractionCentricEnabled>
          <IsCollaboration>0</IsCollaboration>
          <AutoRouteToOwnerQueue>0</AutoRouteToOwnerQueue>
          <IsConnectionsEnabled>0</IsConnectionsEnabled>
          <IsDocumentManagementEnabled>0</IsDocumentManagementEnabled>
          <AutoCreateAccessTeams>0</AutoCreateAccessTeams>
          <IsOneNoteIntegrationEnabled>0</IsOneNoteIntegrationEnabled>
          <IsKnowledgeManagementEnabled>0</IsKnowledgeManagementEnabled>
          <IsSLAEnabled>0</IsSLAEnabled>
          <IsDocumentRecommendationsEnabled>0</IsDocumentRecommendationsEnabled>
          <IsBPFEntity>0</IsBPFEntity>
          <OwnershipTypeMask>UserOwned</OwnershipTypeMask>
          <IsAuditEnabled>0</IsAuditEnabled>
          <IsRetrieveAuditEnabled>0</IsRetrieveAuditEnabled>
          <IsRetrieveMultipleAuditEnabled>0</IsRetrieveMultipleAuditEnabled>
          <IsActivity>0</IsActivity>
          <ActivityTypeMask></ActivityTypeMask>
          <IsActivityParty>0</IsActivityParty>
          <IsReplicated>0</IsReplicated>
          <IsReplicationUserFiltered>0</IsReplicationUserFiltered>
          <IsMailMergeEnabled>1</IsMailMergeEnabled>
          <IsVisibleInMobile>0</IsVisibleInMobile>
          <IsVisibleInMobileClient>0</IsVisibleInMobileClient>
          <IsReadOnlyInMobileClient>0</IsReadOnlyInMobileClient>
          <IsOfflineInMobileClient>1</IsOfflineInMobileClient>
          <DaysSinceRecordLastModified>0</DaysSinceRecordLastModified>
          <MobileOfflineFilters></MobileOfflineFilters>
          <IsMapiGridEnabled>1</IsMapiGridEnabled>
          <IsReadingPaneEnabled>1</IsReadingPaneEnabled>
          <IsQuickCreateEnabled>0</IsQuickCreateEnabled>
          <SyncToExternalSearchIndex>0</SyncToExternalSearchIndex>
          <IntroducedVersion>1.0</IntroducedVersion>
          <IsCustomizable>1</IsCustomizable>
          <IsRenameable>1</IsRenameable>
          <IsMappable>1</IsMappable>
          <CanModifyAuditSettings>1</CanModifyAuditSettings>
          <CanModifyMobileVisibility>1</CanModifyMobileVisibility>
          <CanModifyMobileClientVisibility>1</CanModifyMobileClientVisibility>
          <CanModifyMobileClientReadOnly>1</CanModifyMobileClientReadOnly>
          <CanModifyMobileClientOffline>1</CanModifyMobileClientOffline>
          <CanModifyConnectionSettings>1</CanModifyConnectionSettings>
          <CanModifyDuplicateDetectionSettings>1</CanModifyDuplicateDetectionSettings>
          <CanModifyMailMergeSettings>1</CanModifyMailMergeSettings>
          <CanModifyQueueSettings>1</CanModifyQueueSettings>
          <CanCreateAttributes>1</CanCreateAttributes>
          <CanCreateForms>1</CanCreateForms>
          <CanCreateCharts>1</CanCreateCharts>
          <CanCreateViews>1</CanCreateViews>
          <CanModifyAdditionalSettings>1</CanModifyAdditionalSettings>
          <CanEnableSyncToExternalSearchIndex>1</CanEnableSyncToExternalSearchIndex>
          <EnforceStateTransitions>0</EnforceStateTransitions>
          <CanChangeHierarchicalRelationship>1</CanChangeHierarchicalRelationship>
          <EntityHelpUrlEnabled>0</EntityHelpUrlEnabled>
          <ChangeTrackingEnabled>1</ChangeTrackingEnabled>
          <CanChangeTrackingBeEnabled>1</CanChangeTrackingBeEnabled>
          <IsEnabledForExternalChannels>0</IsEnabledForExternalChannels>
          <IsMSTeamsIntegrationEnabled>0</IsMSTeamsIntegrationEnabled>
          <IsSolutionAware>0</IsSolutionAware>
        </entity>
      </EntityInfo>
      <FormXml>
        <forms type="main">
          <systemform>
            <formid>{c482a005-86a7-ee11-be37-00224808d79a}</formid>
            <IntroducedVersion>1.0.0.0</IntroducedVersion>
            <FormPresentation>1</FormPresentation>
            <FormActivationState>1</FormActivationState>
            <form headerdensity="HighWithControls" showImage="true">
              <tabs>
                <tab verticallayout="true" id="{c1f0239a-35c9-4bf6-af24-8460aa058479}" IsUserDefined="1" labelid="{302db092-5179-4fc5-b01c-63e56671841d}">
                  <labels>
                    <label description="일반" languagecode="1042" />
                  </labels>
                  <columns>
                    <column width="100%">
                      <sections>
                        <section showlabel="false" showbar="false" IsUserDefined="0" id="{36b8faaf-6781-4162-8380-eaeeb59572df}" columns="11" labelid="{4794a8b0-a9f4-44a8-9c43-6e81b05326a5}">
                          <labels>
                            <label description="일반" languagecode="1042" />
                          </labels>
                          <rows>
                            <row>
                              <cell id="{558aac12-6d7e-4445-aa58-3266a847f80d}" colspan="2" labelid="{964d393b-8976-4b69-8b96-995af50a6f9a}">
                                <labels>
                                  <label description="제목" languagecode="1042" />
                                </labels>
                                <control id="crbe9_title" classid="{4273EDBD-AC1D-40d3-9FB2-095C621B552D}" datafieldname="crbe9_title" />
                              </cell>
                            </row>
                            <row>
                              <cell id="{8023e83b-3022-47f9-9530-e7ab462e1a6d}" colspan="2" rowspan="1" labelid="{4cb5ad9c-948d-4e8c-a84c-8fcf2464e684}">
                                <labels>
                                  <label description="요약" languagecode="1042" />
                                </labels>
                                <control id="crbe9_context" classid="{4273edbd-ac1d-40d3-9fb2-095c621b552d}" datafieldname="crbe9_context" />
                              </cell>
                            </row>
                            <row>
                              <cell id="{52e1dffe-6a0c-43a0-a5b9-9cd4f72b8e6d}" colspan="1" rowspan="1" labelid="{9dffbc6d-1dbc-412c-8759-c03fb87223cd}">
                                <labels>
                                  <label description="URL" languagecode="1042" />
                                </labels>
                                <control id="crbe9_url" classid="{4273edbd-ac1d-40d3-9fb2-095c621b552d}" datafieldname="crbe9_url" />
                              </cell>
                              <cell id="{a7da4e96-b4d5-4ba0-946b-b2404b0a3ae5}" colspan="1" rowspan="1" labelid="{dbb3976b-f12a-4706-9404-a9dc652235a0}">
                                <labels>
                                  <label description="언론사" languagecode="1042" />
                                </labels>
                                <control id="crbe9_broadcast" classid="{4273edbd-ac1d-40d3-9fb2-095c621b552d}" datafieldname="crbe9_broadcast" />
                              </cell>
                            </row>
                            <row>
                              <cell id="{a2e01d6a-d46d-4dad-904d-fe736bc0c209}" locklevel="0" colspan="1" rowspan="1" labelid="{f337edb7-b28f-4ced-9b8b-da6f9ccb4753}">
                                <labels>
                                  <label description="SelectFocus" languagecode="1042" />
                                </labels>
                                <control id="crbe9_selectfocus" classid="{3EF39988-22BB-4F0B-BBBE-64B5A3748AEE}" datafieldname="crbe9_selectfocus" disabled="false" />
                              </cell>
                              <cell id="{5122f8a0-01ea-4632-8296-e752481255ac}" colspan="1" rowspan="1" labelid="{95cdd3a2-95b9-4e03-a2f0-8f640eabd132}">
                                <labels>
                                  <label description="이미지" languagecode="1042" />
                                </labels>
                                <control id="crbe9_img" classid="{4273edbd-ac1d-40d3-9fb2-095c621b552d}" datafieldname="crbe9_img" />
                              </cell>
                            </row>
                            <row>
                              <cell id="{61b223f5-ce81-4081-bd44-3a07172f4447}" colspan="2" rowspan="1" labelid="{14fe80c4-4027-4ee1-98cc-9d1e6b63ce3d}">
                                <labels>
                                  <label description="담당자" languagecode="1042" />
                                </labels>
                                <control id="ownerid" classid="{270BD3DB-D9AF-4782-9025-509E298DEC0A}" datafieldname="ownerid" />
                              </cell>
                            </row>
                          </rows>
                        </section>
                      </sections>
                    </column>
                  </columns>
                </tab>
              </tabs>
              <header id="{1ae86434-b734-4f4e-a30e-0a33e352119e}" celllabelposition="Top" columns="111" labelwidth="115" celllabelalignment="Left">
                <rows>
                  <row>
                    <cell id="{64165459-a89f-49e2-930f-2ba1fa9cf18e}" showlabel="false" labelid="{47ab73c3-a2fc-4042-8675-fd5c44ada560}">
                      <labels>
                        <label description="" languagecode="1042" />
                      </labels>
                    </cell>
                    <cell id="{18508020-3f70-47c8-b339-69ce86a1a340}" showlabel="false" labelid="{ebf7f69a-f7db-4153-b0f7-e6b198a489b9}">
                      <labels>
                        <label description="" languagecode="1042" />
                      </labels>
                    </cell>
                    <cell id="{1fd98c15-62e4-4769-b083-b2df33af4c30}" showlabel="false" labelid="{06570b06-58eb-4ae0-8c01-59f2a59cf66c}">
                      <labels>
                        <label description="" languagecode="1042" />
                      </labels>
                    </cell>
                  </row>
                </rows>
              </header>
              <footer id="{c07ca63c-4a89-4ad0-98ad-32b36f6d854c}" celllabelposition="Top" columns="111" labelwidth="115" celllabelalignment="Left">
                <rows>
                  <row>
                    <cell id="{d36d4226-d078-4db0-94ad-4f04c408afd2}" showlabel="false" labelid="{5e9d4597-af80-429f-88d1-108eac236a94}">
                      <labels>
                        <label description="" languagecode="1042" />
                      </labels>
                    </cell>
                    <cell id="{75cae517-a5b6-4235-86ee-18b2f060dfd6}" showlabel="false" labelid="{1c427401-3ce9-4aa4-84ca-1729fffd4f14}">
                      <labels>
                        <label description="" languagecode="1042" />
                      </labels>
                    </cell>
                    <cell id="{d885857f-beae-4094-954f-c7d0d3f0bca6}" showlabel="false" labelid="{84110da7-3f61-4347-b4ad-924115f20e72}">
                      <labels>
                        <label description="" languagecode="1042" />
                      </labels>
                    </cell>
                  </row>
                </rows>
              </footer>
              <DisplayConditions Order="5" FallbackForm="true">
                <Role Id="{627090ff-40a3-4053-8790-584edc5be201}" />
                <Role Id="{119f245c-3cc8-4b62-b31c-d1a046ced15d}" />
              </DisplayConditions>
            </form>
            <IsCustomizable>1</IsCustomizable>
            <CanBeDeleted>1</CanBeDeleted>
            <LocalizedNames>
              <LocalizedName description="정시철" languagecode="1042" />
            </LocalizedNames>
            <Descriptions>
              <Description description="ㅁ" languagecode="1042" />
            </Descriptions>
          </systemform>
          <systemform>
            <formid>{d15afd10-86a7-ee11-be37-00224808d79a}</formid>
            <IntroducedVersion>1.0.0.0</IntroducedVersion>
            <FormPresentation>1</FormPresentation>
            <FormActivationState>1</FormActivationState>
            <form headerdensity="HighWithControls" showImage="true">
              <tabs>
                <tab verticallayout="true" id="{c1f0239a-35c9-4bf6-af24-8460aa058479}" IsUserDefined="1" labelid="{c02a48b4-9fc1-4d99-a921-e7cc03736fa3}">
                  <labels>
                    <label description="일반" languagecode="1042" />
                  </labels>
                  <columns>
                    <column width="100%">
                      <sections>
                        <section showlabel="false" showbar="false" IsUserDefined="0" id="{36b8faaf-6781-4162-8380-eaeeb59572df}" columns="11" labelid="{69068beb-e4d6-444a-ab58-ea110de83052}">
                          <labels>
                            <label description="일반" languagecode="1042" />
                          </labels>
                          <rows>
                            <row>
                              <cell id="{558aac12-6d7e-4445-aa58-3266a847f80d}" colspan="2" labelid="{0473c0ba-ffeb-4cbe-9a98-b22e2b7a76cf}">
                                <labels>
                                  <label description="제목" languagecode="1042" />
                                </labels>
                                <control id="crbe9_title" classid="{4273EDBD-AC1D-40d3-9FB2-095C621B552D}" datafieldname="crbe9_title" />
                              </cell>
                            </row>
                            <row>
                              <cell id="{8023e83b-3022-47f9-9530-e7ab462e1a6d}" colspan="2" rowspan="1" labelid="{f631d8d5-5232-4eea-bd81-664fc1977601}">
                                <labels>
                                  <label description="요약" languagecode="1042" />
                                </labels>
                                <control id="crbe9_context" classid="{4273edbd-ac1d-40d3-9fb2-095c621b552d}" datafieldname="crbe9_context" />
                              </cell>
                            </row>
                            <row>
                              <cell id="{52e1dffe-6a0c-43a0-a5b9-9cd4f72b8e6d}" colspan="1" rowspan="1" labelid="{2018b533-587d-4f52-98e9-334d5f4bf90b}">
                                <labels>
                                  <label description="URL" languagecode="1042" />
                                </labels>
                                <control id="crbe9_url" classid="{4273edbd-ac1d-40d3-9fb2-095c621b552d}" datafieldname="crbe9_url" />
                              </cell>
                              <cell id="{a7da4e96-b4d5-4ba0-946b-b2404b0a3ae5}" colspan="1" rowspan="1" labelid="{ab97ca18-fd4e-4af3-88dc-7155d3d3e0c8}">
                                <labels>
                                  <label description="언론사" languagecode="1042" />
                                </labels>
                                <control id="crbe9_broadcast" classid="{4273edbd-ac1d-40d3-9fb2-095c621b552d}" datafieldname="crbe9_broadcast" />
                              </cell>
                            </row>
                            <row>
                              <cell id="{a2e01d6a-d46d-4dad-904d-fe736bc0c209}" locklevel="0" colspan="1" rowspan="1" labelid="{6826929d-c361-41f3-9062-21014cb62f6e}">
                                <labels>
                                  <label description="SelectFocus" languagecode="1042" />
                                </labels>
                                <control id="crbe9_selectfocus" classid="{3EF39988-22BB-4F0B-BBBE-64B5A3748AEE}" datafieldname="crbe9_selectfocus" disabled="false" />
                              </cell>
                              <cell id="{5122f8a0-01ea-4632-8296-e752481255ac}" colspan="1" rowspan="1" labelid="{565ff4d4-3a57-4aa4-ab8c-69c742d75762}">
                                <labels>
                                  <label description="이미지" languagecode="1042" />
                                </labels>
                                <control id="crbe9_img" classid="{4273edbd-ac1d-40d3-9fb2-095c621b552d}" datafieldname="crbe9_img" />
                              </cell>
                            </row>
                            <row>
                              <cell id="{61b223f5-ce81-4081-bd44-3a07172f4447}" colspan="2" rowspan="1" labelid="{c45be3e0-2861-4f27-a647-c07427fa2fe9}">
                                <labels>
                                  <label description="담당자" languagecode="1042" />
                                </labels>
                                <control id="ownerid" classid="{270BD3DB-D9AF-4782-9025-509E298DEC0A}" datafieldname="ownerid" />
                              </cell>
                            </row>
                          </rows>
                        </section>
                      </sections>
                    </column>
                  </columns>
                </tab>
              </tabs>
              <header id="{1ae86434-b734-4f4e-a30e-0a33e352119e}" celllabelposition="Top" columns="111" labelwidth="115" celllabelalignment="Left">
                <rows>
                  <row>
                    <cell id="{64165459-a89f-49e2-930f-2ba1fa9cf18e}" showlabel="false" labelid="{e52012bb-2c65-4c53-8ac0-a325a6d74d30}">
                      <labels>
                        <label description="" languagecode="1042" />
                      </labels>
                    </cell>
                    <cell id="{18508020-3f70-47c8-b339-69ce86a1a340}" showlabel="false" labelid="{e4bc4f96-6143-4e16-8449-11d5da779035}">
                      <labels>
                        <label description="" languagecode="1042" />
                      </labels>
                    </cell>
                    <cell id="{1fd98c15-62e4-4769-b083-b2df33af4c30}" showlabel="false" labelid="{bc0a74b2-6655-49df-a447-7bcca82ad04d}">
                      <labels>
                        <label description="" languagecode="1042" />
                      </labels>
                    </cell>
                  </row>
                </rows>
              </header>
              <footer id="{c07ca63c-4a89-4ad0-98ad-32b36f6d854c}" celllabelposition="Top" columns="111" labelwidth="115" celllabelalignment="Left">
                <rows>
                  <row>
                    <cell id="{d36d4226-d078-4db0-94ad-4f04c408afd2}" showlabel="false" labelid="{008f8f8b-6fba-4375-b23c-7e22c77fb761}">
                      <labels>
                        <label description="" languagecode="1042" />
                      </labels>
                    </cell>
                    <cell id="{75cae517-a5b6-4235-86ee-18b2f060dfd6}" showlabel="false" labelid="{063ee52c-c476-4187-86f1-88e26d8273f7}">
                      <labels>
                        <label description="" languagecode="1042" />
                      </labels>
                    </cell>
                    <cell id="{d885857f-beae-4094-954f-c7d0d3f0bca6}" showlabel="false" labelid="{50f76358-6fc0-4aa6-b407-1dcc48bbe585}">
                      <labels>
                        <label description="" languagecode="1042" />
                      </labels>
                    </cell>
                  </row>
                </rows>
              </footer>
              <DisplayConditions Order="6" FallbackForm="true">
                <Role Id="{627090ff-40a3-4053-8790-584edc5be201}" />
                <Role Id="{119f245c-3cc8-4b62-b31c-d1a046ced15d}" />
              </DisplayConditions>
            </form>
            <IsCustomizable>1</IsCustomizable>
            <CanBeDeleted>1</CanBeDeleted>
            <LocalizedNames>
              <LocalizedName description="정시철" languagecode="1042" />
            </LocalizedNames>
            <Descriptions>
              <Description description="ㅁ" languagecode="1042" />
            </Descriptions>
          </systemform>
          <systemform>
            <formid>{e95afd10-86a7-ee11-be37-00224808d79a}</formid>
            <IntroducedVersion>1.0.0.0</IntroducedVersion>
            <FormPresentation>1</FormPresentation>
            <FormActivationState>1</FormActivationState>
            <form headerdensity="HighWithControls" showImage="true">
              <tabs>
                <tab verticallayout="true" id="{c1f0239a-35c9-4bf6-af24-8460aa058479}" IsUserDefined="1" labelid="{f8ff5f2e-7373-44ee-b560-537fcb61ed24}">
                  <labels>
                    <label description="일반" languagecode="1042" />
                  </labels>
                  <columns>
                    <column width="100%">
                      <sections>
                        <section showlabel="false" showbar="false" IsUserDefined="0" id="{36b8faaf-6781-4162-8380-eaeeb59572df}" columns="11" labelid="{643bcd5c-6008-43df-8c59-8f9745d93ab2}">
                          <labels>
                            <label description="일반" languagecode="1042" />
                          </labels>
                          <rows>
                            <row>
                              <cell id="{558aac12-6d7e-4445-aa58-3266a847f80d}" colspan="2" labelid="{6716188b-5f43-4c62-a32a-66f9b33c4bfa}">
                                <labels>
                                  <label description="제목" languagecode="1042" />
                                </labels>
                                <control id="crbe9_title" classid="{4273EDBD-AC1D-40d3-9FB2-095C621B552D}" datafieldname="crbe9_title" />
                              </cell>
                            </row>
                            <row>
                              <cell id="{8023e83b-3022-47f9-9530-e7ab462e1a6d}" colspan="2" rowspan="1" labelid="{c4e36e0b-a4d6-4624-85aa-d72712239eb4}">
                                <labels>
                                  <label description="요약" languagecode="1042" />
                                </labels>
                                <control id="crbe9_context" classid="{4273edbd-ac1d-40d3-9fb2-095c621b552d}" datafieldname="crbe9_context" />
                              </cell>
                            </row>
                            <row>
                              <cell id="{52e1dffe-6a0c-43a0-a5b9-9cd4f72b8e6d}" colspan="1" rowspan="1" labelid="{76192362-875c-435c-9517-c3b9bbb96d58}">
                                <labels>
                                  <label description="URL" languagecode="1042" />
                                </labels>
                                <control id="crbe9_url" classid="{4273edbd-ac1d-40d3-9fb2-095c621b552d}" datafieldname="crbe9_url" />
                              </cell>
                              <cell id="{a7da4e96-b4d5-4ba0-946b-b2404b0a3ae5}" colspan="1" rowspan="1" labelid="{95ad16eb-2fef-4b9e-a05d-11b32b3c6bea}">
                                <labels>
                                  <label description="언론사" languagecode="1042" />
                                </labels>
                                <control id="crbe9_broadcast" classid="{4273edbd-ac1d-40d3-9fb2-095c621b552d}" datafieldname="crbe9_broadcast" />
                              </cell>
                            </row>
                            <row>
                              <cell id="{a2e01d6a-d46d-4dad-904d-fe736bc0c209}" locklevel="0" colspan="1" rowspan="1" labelid="{ace1dfc3-3305-421e-8fc2-fa2d094825f2}">
                                <labels>
                                  <label description="SelectFocus" languagecode="1042" />
                                </labels>
                                <control id="crbe9_selectfocus" classid="{3EF39988-22BB-4F0B-BBBE-64B5A3748AEE}" datafieldname="crbe9_selectfocus" disabled="false" />
                              </cell>
                              <cell id="{5122f8a0-01ea-4632-8296-e752481255ac}" colspan="1" rowspan="1" labelid="{089d6594-6b7a-4e3e-b92d-d07f222e5c63}">
                                <labels>
                                  <label description="이미지" languagecode="1042" />
                                </labels>
                                <control id="crbe9_img" classid="{4273edbd-ac1d-40d3-9fb2-095c621b552d}" datafieldname="crbe9_img" />
                              </cell>
                            </row>
                            <row>
                              <cell id="{61b223f5-ce81-4081-bd44-3a07172f4447}" colspan="2" rowspan="1" labelid="{aa67fccb-813a-42c8-8770-5071e1a55074}">
                                <labels>
                                  <label description="담당자" languagecode="1042" />
                                </labels>
                                <control id="ownerid" classid="{270BD3DB-D9AF-4782-9025-509E298DEC0A}" datafieldname="ownerid" />
                              </cell>
                            </row>
                          </rows>
                        </section>
                      </sections>
                    </column>
                  </columns>
                </tab>
              </tabs>
              <header id="{1ae86434-b734-4f4e-a30e-0a33e352119e}" celllabelposition="Top" columns="111" labelwidth="115" celllabelalignment="Left">
                <rows>
                  <row>
                    <cell id="{64165459-a89f-49e2-930f-2ba1fa9cf18e}" showlabel="false" labelid="{e517d815-b66f-4ca5-b9bb-52101ed7741c}">
                      <labels>
                        <label description="" languagecode="1042" />
                      </labels>
                    </cell>
                    <cell id="{18508020-3f70-47c8-b339-69ce86a1a340}" showlabel="false" labelid="{5cfdea52-327b-4f50-b94a-c211662f78c4}">
                      <labels>
                        <label description="" languagecode="1042" />
                      </labels>
                    </cell>
                    <cell id="{1fd98c15-62e4-4769-b083-b2df33af4c30}" showlabel="false" labelid="{4e834346-a979-49c6-b6ec-bcd7a378bbd4}">
                      <labels>
                        <label description="" languagecode="1042" />
                      </labels>
                    </cell>
                  </row>
                </rows>
              </header>
              <footer id="{c07ca63c-4a89-4ad0-98ad-32b36f6d854c}" celllabelposition="Top" columns="111" labelwidth="115" celllabelalignment="Left">
                <rows>
                  <row>
                    <cell id="{d36d4226-d078-4db0-94ad-4f04c408afd2}" showlabel="false" labelid="{fba29e81-97cb-4c8c-9b2f-d06f3d45d2e1}">
                      <labels>
                        <label description="" languagecode="1042" />
                      </labels>
                    </cell>
                    <cell id="{75cae517-a5b6-4235-86ee-18b2f060dfd6}" showlabel="false" labelid="{60d7b904-7d5c-4100-ad7e-f1c532982e6c}">
                      <labels>
                        <label description="" languagecode="1042" />
                      </labels>
                    </cell>
                    <cell id="{d885857f-beae-4094-954f-c7d0d3f0bca6}" showlabel="false" labelid="{33a1071a-116d-49bb-a974-d55413dc838e}">
                      <labels>
                        <label description="" languagecode="1042" />
                      </labels>
                    </cell>
                  </row>
                </rows>
              </footer>
              <DisplayConditions Order="7" FallbackForm="true">
                <Role Id="{627090ff-40a3-4053-8790-584edc5be201}" />
                <Role Id="{119f245c-3cc8-4b62-b31c-d1a046ced15d}" />
              </DisplayConditions>
            </form>
            <IsCustomizable>1</IsCustomizable>
            <CanBeDeleted>1</CanBeDeleted>
            <LocalizedNames>
              <LocalizedName description="정시철" languagecode="1042" />
            </LocalizedNames>
            <Descriptions>
              <Description description="ㅁ" languagecode="1042" />
            </Descriptions>
          </systemform>
        </forms>
      </FormXml>
      <SavedQueries>
        <savedqueries>
          <savedquery>
            <IsCustomizable>1</IsCustomizable>
            <CanBeDeleted>1</CanBeDeleted>
            <isquickfindquery>0</isquickfindquery>
            <isprivate>0</isprivate>
            <isdefault>0</isdefault>
            <savedqueryid>{f11581fc-84a7-ee11-be37-6045bd02a429}</savedqueryid>
            <layoutxml>
              <grid name="resultset" jump="crbe9_title" select="1" icon="1" preview="1">
                <row name="result" id="crbe9_woochang_newstableid">
                  <cell name="crbe9_title" width="200" />
                  <cell name="crbe9_broadcast" width="100" />
                  <cell name="crbe9_context" width="100" />
                  <cell name="crbe9_img" width="100" />
                  <cell name="crbe9_url" width="100" />
                </row>
              </grid>
            </layoutxml>
            <querytype>0</querytype>
            <fetchxml>
              <fetch version="1.0" output-format="xml-platform" mapping="logical">
                <entity name="crbe9_woochang_newstable">
                  <attribute name="crbe9_title" />
                  <attribute name="crbe9_woochang_newstableid" />
                  <attribute name="crbe9_broadcast" />
                  <attribute name="crbe9_context" />
                  <attribute name="crbe9_img" />
                  <attribute name="crbe9_url" />
                </entity>
              </fetch>
            </fetchxml>
            <IntroducedVersion>1.0.0.0</IntroducedVersion>
            <LocalizedNames>
              <LocalizedName description="정시철" languagecode="1042" />
            </LocalizedNames>
            <Descriptions>
              <Description description="w" languagecode="1042" />
            </Descriptions>
          </savedquery>
        </savedqueries>
      </SavedQueries>
      <RibbonDiffXml>
        <CustomActions />
        <Templates>
          <RibbonTemplates Id="Mscrm.Templates"></RibbonTemplates>
        </Templates>
        <CommandDefinitions />
        <RuleDefinitions>
          <TabDisplayRules />
          <DisplayRules />
          <EnableRules />
        </RuleDefinitions>
        <LocLabels />
      </RibbonDiffXml>
    </Entity>
  </Entities>
  <Roles></Roles>
  <Workflows>
    <Workflow WorkflowId="{2bb2c6c0-8d70-ee11-9ae7-6045bd02a818}" Name="출장승인_정시철">
      <JsonFileName>/Workflows/_-2BB2C6C0-8D70-EE11-9AE7-6045BD02A818.json</JsonFileName>
      <Type>1</Type>
      <Subprocess>0</Subprocess>
      <Category>5</Category>
      <Mode>0</Mode>
      <Scope>4</Scope>
      <OnDemand>0</OnDemand>
      <TriggerOnCreate>0</TriggerOnCreate>
      <TriggerOnDelete>0</TriggerOnDelete>
      <AsyncAutodelete>0</AsyncAutodelete>
      <SyncWorkflowLogOnFailure>0</SyncWorkflowLogOnFailure>
      <StateCode>1</StateCode>
      <StatusCode>2</StatusCode>
      <RunAs>1</RunAs>
      <IsTransacted>1</IsTransacted>
      <IntroducedVersion>1.0.0.0</IntroducedVersion>
      <IsCustomizable>1</IsCustomizable>
      <BusinessProcessType>0</BusinessProcessType>
      <IsCustomProcessingStepAllowedForOtherPublishers>1</IsCustomProcessingStepAllowedForOtherPublishers>
      <PrimaryEntity>none</PrimaryEntity>
      <LocalizedNames>
        <LocalizedName languagecode="1042" description="출장승인_정시철" />
      </LocalizedNames>
    </Workflow>
    <Workflow WorkflowId="{b90c60f5-0476-ee11-8179-00224808d79a}" Name="커스텀 커넥터 실습 정시철">
      <JsonFileName>/Workflows/-B90C60F5-0476-EE11-8179-00224808D79A.json</JsonFileName>
      <Type>1</Type>
      <Subprocess>0</Subprocess>
      <Category>5</Category>
      <Mode>0</Mode>
      <Scope>4</Scope>
      <OnDemand>0</OnDemand>
      <TriggerOnCreate>0</TriggerOnCreate>
      <TriggerOnDelete>0</TriggerOnDelete>
      <AsyncAutodelete>0</AsyncAutodelete>
      <SyncWorkflowLogOnFailure>0</SyncWorkflowLogOnFailure>
      <StateCode>1</StateCode>
      <StatusCode>2</StatusCode>
      <RunAs>1</RunAs>
      <IsTransacted>1</IsTransacted>
      <IntroducedVersion>1.0</IntroducedVersion>
      <IsCustomizable>1</IsCustomizable>
      <BusinessProcessType>0</BusinessProcessType>
      <IsCustomProcessingStepAllowedForOtherPublishers>1</IsCustomProcessingStepAllowedForOtherPublishers>
      <PrimaryEntity>none</PrimaryEntity>
      <LocalizedNames>
        <LocalizedName languagecode="1042" description="커스텀 커넥터 실습 정시철" />
      </LocalizedNames>
    </Workflow>
  </Workflows>
  <FieldSecurityProfiles></FieldSecurityProfiles>
  <Templates />
  <EntityMaps />
  <EntityRelationships />
  <OrganizationSettings />
  <optionsets />
  <CustomControls />
  <EntityDataProviders />
  <connectionreferences>
    <connectionreference connectionreferencelogicalname="new_sharedapprovals_6e052">
      <connectionreferencedisplayname>Approvals approval_sichulflow-6e052</connectionreferencedisplayname>
      <connectorid>/providers/Microsoft.PowerApps/apis/shared_approvals</connectorid>
      <iscustomizable>1</iscustomizable>
      <statecode>0</statecode>
      <statuscode>1</statuscode>
    </connectionreference>
    <connectionreference connectionreferencelogicalname="new_sharedsharepointonline_25742">
      <connectionreferencedisplayname>SharePoint approval_sichulflow-25742</connectionreferencedisplayname>
      <connectorid>/providers/Microsoft.PowerApps/apis/shared_sharepointonline</connectorid>
      <iscustomizable>1</iscustomizable>
      <statecode>0</statecode>
      <statuscode>1</statuscode>
    </connectionreference>
  </connectionreferences>
  <Languages>
    <Language>1042</Language>
  </Languages>
</ImportExportXml>