<ImportExportXml version="9.2.23111.246" SolutionPackageVersion="9.2" languagecode="1042" generatedBy="CrmLive" xmlns:xsi="http://www.w3.org/2001/XMLSchema-instance">
  <SolutionManifest>
    <UniqueName>approval_sichulflow</UniqueName>
    <LocalizedNames>
      <LocalizedName description="결제프로세스솔루션_정시철" languagecode="1042" />
    </LocalizedNames>
    <Descriptions />
    <Version>1.0.0.1</Version>
    <Managed>1</Managed>
    <Publisher>
      <UniqueName>DefaultPublisherdevamerica</UniqueName>
      <LocalizedNames>
        <LocalizedName description="devamerica의 기본 게시자" languagecode="1042" />
      </LocalizedNames>
      <Descriptions>
        <Description description="이 조직의 기본 게시자" languagecode="1042" />
      </Descriptions>
      <EMailAddress xsi:nil="true"></EMailAddress>
      <SupportingWebsiteUrl xsi:nil="true"></SupportingWebsiteUrl>
      <CustomizationPrefix>new</CustomizationPrefix>
      <CustomizationOptionValuePrefix>10000</CustomizationOptionValuePrefix>
      <Addresses>
        <Address>
          <AddressNumber>1</AddressNumber>
          <AddressTypeCode xsi:nil="true"></AddressTypeCode>
          <City xsi:nil="true"></City>
          <County xsi:nil="true"></County>
          <Country xsi:nil="true"></Country>
          <Fax xsi:nil="true"></Fax>
          <FreightTermsCode xsi:nil="true"></FreightTermsCode>
          <ImportSequenceNumber xsi:nil="true"></ImportSequenceNumber>
          <Latitude xsi:nil="true"></Latitude>
          <Line1 xsi:nil="true"></Line1>
          <Line2 xsi:nil="true"></Line2>
          <Line3 xsi:nil="true"></Line3>
          <Longitude xsi:nil="true"></Longitude>
          <Name xsi:nil="true"></Name>
          <PostalCode xsi:nil="true"></PostalCode>
          <PostOfficeBox xsi:nil="true"></PostOfficeBox>
          <PrimaryContactName xsi:nil="true"></PrimaryContactName>
          <ShippingMethodCode xsi:nil="true"></ShippingMethodCode>
          <StateOrProvince xsi:nil="true"></StateOrProvince>
          <Telephone1 xsi:nil="true"></Telephone1>
          <Telephone2 xsi:nil="true"></Telephone2>
          <Telephone3 xsi:nil="true"></Telephone3>
          <TimeZoneRuleVersionNumber xsi:nil="true"></TimeZoneRuleVersionNumber>
          <UPSZone xsi:nil="true"></UPSZone>
          <UTCOffset xsi:nil="true"></UTCOffset>
          <UTCConversionTimeZoneCode xsi:nil="true"></UTCConversionTimeZoneCode>
        </Address>
        <Address>
          <AddressNumber>2</AddressNumber>
          <AddressTypeCode xsi:nil="true"></AddressTypeCode>
          <City xsi:nil="true"></City>
          <County xsi:nil="true"></County>
          <Country xsi:nil="true"></Country>
          <Fax xsi:nil="true"></Fax>
          <FreightTermsCode xsi:nil="true"></FreightTermsCode>
          <ImportSequenceNumber xsi:nil="true"></ImportSequenceNumber>
          <Latitude xsi:nil="true"></Latitude>
          <Line1 xsi:nil="true"></Line1>
          <Line2 xsi:nil="true"></Line2>
          <Line3 xsi:nil="true"></Line3>
          <Longitude xsi:nil="true"></Longitude>
          <Name xsi:nil="true"></Name>
          <PostalCode xsi:nil="true"></PostalCode>
          <PostOfficeBox xsi:nil="true"></PostOfficeBox>
          <PrimaryContactName xsi:nil="true"></PrimaryContactName>
          <ShippingMethodCode xsi:nil="true"></ShippingMethodCode>
          <StateOrProvince xsi:nil="true"></StateOrProvince>
          <Telephone1 xsi:nil="true"></Telephone1>
          <Telephone2 xsi:nil="true"></Telephone2>
          <Telephone3 xsi:nil="true"></Telephone3>
          <TimeZoneRuleVersionNumber xsi:nil="true"></TimeZoneRuleVersionNumber>
          <UPSZone xsi:nil="true"></UPSZone>
          <UTCOffset xsi:nil="true"></UTCOffset>
          <UTCConversionTimeZoneCode xsi:nil="true"></UTCConversionTimeZoneCode>
        </Address>
      </Addresses>
    </Publisher>
    <RootComponents>
      <RootComponent type="1" schemaName="crbe9_woochang_newstable" behavior="1" />
      <RootComponent type="29" id="{2bb2c6c0-8d70-ee11-9ae7-6045bd02a818}" behavior="0" />
      <RootComponent type="29" id="{b90c60f5-0476-ee11-8179-00224808d79a}" behavior="0" />
    </RootComponents>
    <MissingDependencies>
      <MissingDependency>
        <Required type="1" schemaName="crbe9_woochang_newstable" displayName="Woochang_newsTable" solution="Active" />
        <Dependent type="1" schemaName="crbe9_woochang_newstable" displayName="Woochang_newsTable" />
      </MissingDependency>
      <MissingDependency>
        <Required type="2" schemaName="crbe9_broadcast" displayName="언론사" parentSchemaName="crbe9_woochang_newstable" parentDisplayName="Woochang_newsTable" solution="Active" />
        <Dependent type="26" schemaName="정시철" displayName="정시철" parentSchemaName="crbe9_woochang_newstable" parentDisplayName="Woochang_newsTable" id="{f11581fc-84a7-ee11-be37-6045bd02a429}" />
      </MissingDependency>
      <MissingDependency>
        <Required type="2" schemaName="crbe9_broadcast" displayName="언론사" parentSchemaName="crbe9_woochang_newstable" parentDisplayName="Woochang_newsTable" solution="Active" />
        <Dependent type="60" displayName="정시철" parentDisplayName="Woochang_newsTable" id="{c482a005-86a7-ee11-be37-00224808d79a}" />
      </MissingDependency>
      <MissingDependency>
        <Required type="2" schemaName="crbe9_broadcast" displayName="언론사" parentSchemaName="crbe9_woochang_newstable" parentDisplayName="Woochang_newsTable" solution="Active" />
        <Dependent type="60" displayName="정시철" parentDisplayName="Woochang_newsTable" id="{d15afd10-86a7-ee11-be37-00224808d79a}" />
      </MissingDependency>
      <MissingDependency>
        <Required type="2" schemaName="crbe9_broadcast" displayName="언론사" parentSchemaName="crbe9_woochang_newstable" parentDisplayName="Woochang_newsTable" solution="Active" />
        <Dependent type="60" displayName="정시철" parentDisplayName="Woochang_newsTable" id="{e95afd10-86a7-ee11-be37-00224808d79a}" />
      </MissingDependency>
      <MissingDependency>
        <Required type="2" schemaName="crbe9_context" displayName="요약" parentSchemaName="crbe9_woochang_newstable" parentDisplayName="Woochang_newsTable" solution="Active" />
        <Dependent type="26" schemaName="정시철" displayName="정시철" parentSchemaName="crbe9_woochang_newstable" parentDisplayName="Woochang_newsTable" id="{f11581fc-84a7-ee11-be37-6045bd02a429}" />
      </MissingDependency>
      <MissingDependency>
        <Required type="2" schemaName="crbe9_context" displayName="요약" parentSchemaName="crbe9_woochang_newstable" parentDisplayName="Woochang_newsTable" solution="Active" />
        <Dependent type="60" displayName="정시철" parentDisplayName="Woochang_newsTable" id="{c482a005-86a7-ee11-be37-00224808d79a}" />
      </MissingDependency>
      <MissingDependency>
        <Required type="2" schemaName="crbe9_context" displayName="요약" parentSchemaName="crbe9_woochang_newstable" parentDisplayName="Woochang_newsTable" solution="Active" />
        <Dependent type="60" displayName="정시철" parentDisplayName="Woochang_newsTable" id="{d15afd10-86a7-ee11-be37-00224808d79a}" />
      </MissingDependency>
      <MissingDependency>
        <Required type="2" schemaName="crbe9_context" displayName="요약" parentSchemaName="crbe9_woochang_newstable" parentDisplayName="Woochang_newsTable" solution="Active" />
        <Dependent type="60" displayName="정시철" parentDisplayName="Woochang_newsTable" id="{e95afd10-86a7-ee11-be37-00224808d79a}" />
      </MissingDependency>
      <MissingDependency>
        <Required type="2" schemaName="crbe9_img" displayName="이미지" parentSchemaName="crbe9_woochang_newstable" parentDisplayName="Woochang_newsTable" solution="Active" />
        <Dependent type="26" schemaName="정시철" displayName="정시철" parentSchemaName="crbe9_woochang_newstable" parentDisplayName="Woochang_newsTable" id="{f11581fc-84a7-ee11-be37-6045bd02a429}" />
      </MissingDependency>
      <MissingDependency>
        <Required type="2" schemaName="crbe9_img" displayName="이미지" parentSchemaName="crbe9_woochang_newstable" parentDisplayName="Woochang_newsTable" solution="Active" />
        <Dependent type="60" displayName="정시철" parentDisplayName="Woochang_newsTable" id="{c482a005-86a7-ee11-be37-00224808d79a}" />
      </MissingDependency>
      <MissingDependency>
        <Required type="2" schemaName="crbe9_img" displayName="이미지" parentSchemaName="crbe9_woochang_newstable" parentDisplayName="Woochang_newsTable" solution="Active" />
        <Dependent type="60" displayName="정시철" parentDisplayName="Woochang_newsTable" id="{d15afd10-86a7-ee11-be37-00224808d79a}" />
      </MissingDependency>
      <MissingDependency>
        <Required type="2" schemaName="crbe9_img" displayName="이미지" parentSchemaName="crbe9_woochang_newstable" parentDisplayName="Woochang_newsTable" solution="Active" />
        <Dependent type="60" displayName="정시철" parentDisplayName="Woochang_newsTable" id="{e95afd10-86a7-ee11-be37-00224808d79a}" />
      </MissingDependency>
      <MissingDependency>
        <Required type="2" schemaName="crbe9_selectfocus" displayName="SelectFocus" parentSchemaName="crbe9_woochang_newstable" parentDisplayName="Woochang_newsTable" solution="Active" />
        <Dependent type="60" displayName="정시철" parentDisplayName="Woochang_newsTable" id="{c482a005-86a7-ee11-be37-00224808d79a}" />
      </MissingDependency>
      <MissingDependency>
        <Required type="2" schemaName="crbe9_selectfocus" displayName="SelectFocus" parentSchemaName="crbe9_woochang_newstable" parentDisplayName="Woochang_newsTable" solution="Active" />
        <Dependent type="60" displayName="정시철" parentDisplayName="Woochang_newsTable" id="{d15afd10-86a7-ee11-be37-00224808d79a}" />
      </MissingDependency>
      <MissingDependency>
        <Required type="2" schemaName="crbe9_selectfocus" displayName="SelectFocus" parentSchemaName="crbe9_woochang_newstable" parentDisplayName="Woochang_newsTable" solution="Active" />
        <Dependent type="60" displayName="정시철" parentDisplayName="Woochang_newsTable" id="{e95afd10-86a7-ee11-be37-00224808d79a}" />
      </MissingDependency>
      <MissingDependency>
        <Required type="2" schemaName="crbe9_title" displayName="제목" parentSchemaName="crbe9_woochang_newstable" parentDisplayName="Woochang_newsTable" solution="Active" />
        <Dependent type="26" schemaName="정시철" displayName="정시철" parentSchemaName="crbe9_woochang_newstable" parentDisplayName="Woochang_newsTable" id="{f11581fc-84a7-ee11-be37-6045bd02a429}" />
      </MissingDependency>
      <MissingDependency>
        <Required type="2" schemaName="crbe9_title" displayName="제목" parentSchemaName="crbe9_woochang_newstable" parentDisplayName="Woochang_newsTable" solution="Active" />
        <Dependent type="60" displayName="정시철" parentDisplayName="Woochang_newsTable" id="{c482a005-86a7-ee11-be37-00224808d79a}" />
      </MissingDependency>
      <MissingDependency>
        <Required type="2" schemaName="crbe9_title" displayName="제목" parentSchemaName="crbe9_woochang_newstable" parentDisplayName="Woochang_newsTable" solution="Active" />
        <Dependent type="60" displayName="정시철" parentDisplayName="Woochang_newsTable" id="{d15afd10-86a7-ee11-be37-00224808d79a}" />
      </MissingDependency>
      <MissingDependency>
        <Required type="2" schemaName="crbe9_title" displayName="제목" parentSchemaName="crbe9_woochang_newstable" parentDisplayName="Woochang_newsTable" solution="Active" />
        <Dependent type="60" displayName="정시철" parentDisplayName="Woochang_newsTable" id="{e95afd10-86a7-ee11-be37-00224808d79a}" />
      </MissingDependency>
      <MissingDependency>
        <Required type="2" schemaName="crbe9_url" displayName="URL" parentSchemaName="crbe9_woochang_newstable" parentDisplayName="Woochang_newsTable" solution="Active" />
        <Dependent type="26" schemaName="정시철" displayName="정시철" parentSchemaName="crbe9_woochang_newstable" parentDisplayName="Woochang_newsTable" id="{f11581fc-84a7-ee11-be37-6045bd02a429}" />
      </MissingDependency>
      <MissingDependency>
        <Required type="2" schemaName="crbe9_url" displayName="URL" parentSchemaName="crbe9_woochang_newstable" parentDisplayName="Woochang_newsTable" solution="Active" />
        <Dependent type="60" displayName="정시철" parentDisplayName="Woochang_newsTable" id="{c482a005-86a7-ee11-be37-00224808d79a}" />
      </MissingDependency>
      <MissingDependency>
        <Required type="2" schemaName="crbe9_url" displayName="URL" parentSchemaName="crbe9_woochang_newstable" parentDisplayName="Woochang_newsTable" solution="Active" />
        <Dependent type="60" displayName="정시철" parentDisplayName="Woochang_newsTable" id="{d15afd10-86a7-ee11-be37-00224808d79a}" />
      </MissingDependency>
      <MissingDependency>
        <Required type="2" schemaName="crbe9_url" displayName="URL" parentSchemaName="crbe9_woochang_newstable" parentDisplayName="Woochang_newsTable" solution="Active" />
        <Dependent type="60" displayName="정시철" parentDisplayName="Woochang_newsTable" id="{e95afd10-86a7-ee11-be37-00224808d79a}" />
      </MissingDependency>
      <MissingDependency>
        <Required type="2" schemaName="crbe9_woochang_newstableid" displayName="Woochang_newsTable" parentSchemaName="crbe9_woochang_newstable" parentDisplayName="Woochang_newsTable" solution="Active" />
        <Dependent type="26" schemaName="정시철" displayName="정시철" parentSchemaName="crbe9_woochang_newstable" parentDisplayName="Woochang_newsTable" id="{f11581fc-84a7-ee11-be37-6045bd02a429}" />
      </MissingDependency>
      <MissingDependency>
        <Required type="2" schemaName="ownerid" displayName="담당자" parentSchemaName="crbe9_woochang_newstable" parentDisplayName="Woochang_newsTable" solution="Active" />
        <Dependent type="60" displayName="정시철" parentDisplayName="Woochang_newsTable" id="{c482a005-86a7-ee11-be37-00224808d79a}" />
      </MissingDependency>
      <MissingDependency>
        <Required type="2" schemaName="ownerid" displayName="담당자" parentSchemaName="crbe9_woochang_newstable" parentDisplayName="Woochang_newsTable" solution="Active" />
        <Dependent type="60" displayName="정시철" parentDisplayName="Woochang_newsTable" id="{d15afd10-86a7-ee11-be37-00224808d79a}" />
      </MissingDependency>
      <MissingDependency>
        <Required type="2" schemaName="ownerid" displayName="담당자" parentSchemaName="crbe9_woochang_newstable" parentDisplayName="Woochang_newsTable" solution="Active" />
        <Dependent type="60" displayName="정시철" parentDisplayName="Woochang_newsTable" id="{e95afd10-86a7-ee11-be37-00224808d79a}" />
      </MissingDependency>
      <MissingDependency>
        <Required type="connectionreference" displayName="new_sharedtestconnector202d2015f40525b46ba036f155f05e4ead1ee8dd21f_39196" solution="Active" id.connectionreferencelogicalname="new_sharedtestconnector202d2015f40525b46ba036f155f05e4ead1ee8dd21f_39196" />
        <Dependent type="29" displayName="커스텀 커넥터 실습 정시철" id="{b90c60f5-0476-ee11-8179-00224808d79a}" />
      </MissingDependency>
    </MissingDependencies>
  </SolutionManifest>
</ImportExportXml>